# Languages settled by hand. Key = author|title|year, each part folded to lower case letters and
# digits (ia_lookup.norm), so it survives re-ordering, re-casing and a rebuilt database.
# key<TAB>language<TAB>title (the title is only there to read by)
akada kaita and satomi j|how to speak japanese correctly seisoku nihon go gaku|1933	English	How to speak Japanese correctly; seisoku Nihon-go gaku.
akegarasu haya ed|selections from the nippon seishin library|1936	English	Selections from the Nippon seishin library.
akiyama aisaburo|the world s ninth wonder or the yomei gate of the mausoleum of iyeyasu at nikko japan|1895	English	The world's ninth wonder, or, the Yômei Gate of the mausoleu
akiyama kenzo|the history of nippon tr by toshiro shimanouchi|1941	English	The history of Nippon. Tr. by Toshiro Shimanouchi.
alfaro guitierrez|poemas japoneses edicion privada|1928	Spanish	Poemas japoneses. Edición privada.
andre emile|100 coups de jiu jitsu coups et parades|1906	French	100 coups de jiu-jitsu; coups et parades.
arishima takeo|the agony of coming into the world tr into english by seiji fujita|1950	English	The agony of coming into the world. Tr. into English by Seij
arnold sir edwin|japonica|1891	English	Japonica.
arnold sir edwin|japonica|n d	English	Japonica.
asahi shinbunsha|children of japan japans kinder|1936	English	Children of Japan: Japans Kinder.
ashikaga kara|jiu jitsu polnyi obshchedostulnyi uchebnik fizicheskago razbitiya i priemov samozashchity po izviestnoi iaponskoi sistem jiujitsu tretie izdanie|1909	Russian	Jiu-jitsu: polnyi obshchedostulnyi uchebnik fizicheskago raz
associacion japonesa de productored de articulos superiores|la industria moderna de japon|1940	Spanish	La industria moderna de Japón.
aston william george|istoriia iaponskoi literatury perevod v mdndrina|1904	Russian	Istoriia iaponskoi literatury. Perevod.. V. Mdndrina.
avenarius g g|ekonomicheskaya jizn imperii i naroda nippon|1938	Russian	Ekonomicheskaya jizn' imperii i naroda Nippon.
baelz erwin toku ed|awakening japan the diary of a german doctor erwin balz tr from the german by eden and cedar paul|1932	English	Awakening Japan; the diary of a German doctor Erwin Bälz. Tr
baiov a ed|russko iaponskaia voina v soobshcheniiakh v nikolaevskoi adademii general nago shtaba chast 2|1907	Russian	Russko-iaponskaia voina v soobshcheniiakh v Nikolaevskoi Ada
barghoorn adolf keyssner ernest loan heinz van der rudolf gustav and simonis erich trs|das jahr in erleben des volkes|1926	German	Das Jahr in Erleben des Volkes
baumann ferix|japaner madel|1908	German	Japaner Mädel.
bax b w|the eastern seas being a narrative of the voyage of h m s dwarf in china japan and formosa|1875	English	The Eastern seas; being a narrative of the voyage of H.M.S. 
bellessort andre|le nouveau japon|1918	French	Le nouveau Japon.
bellessort andre|le nouveau japon|1926	French	Le nouveau Japon.
benl oscar tr|tsurezuregusa oder aufzeichnungen aus mussestunden|1940	German	Tsurezuregusa oder Aufzeichnungen aus Mussestunden
benneville james s de|saito musashi bo benkei tales of the wars of the gempei being the story of the lives and adventures of iyo no kami minamoto kuro yoshitsune and saito musashi bo benkei the warrior monk|1910	English	Saitô Musashi-bô Benkei; tales of the wars of the Gempei. Be
bergh hugo van den|japans geschichtliche entwickelung|1905	German	Japans geschichtliche Entwickelung.
bergman sten|de tusen er i det fjerne sten reisen og eventyr pa kurilene|1933	Norwegian	De tusen øer i det fjerne østen; reisen og eventyr pa Kurile
berlin staatliche museum|ausstellung altjapanischer kunst berlin 1939|1939	German	Ausstellung altjapanischer Kunst, Berlin 1939.
berliner anna|der teekult in japan|1930	German	Der Teekult in Japan.
berliner siegfried|organisation des indigo handels im lande awa|1924	German	Organisation des Indigo-Handels im Lande Awa.
berlitz m d|nippon go kyo kwa sho|1909		Nippon-go kyo kwa sho.
berlitz m d|nippon go kyo kwa sho|1919		Nippon-go kyo kwa sho.
biblioteca oriental|biblioteca oriental comprende 2747 obras relativas a filipinas japon china y otras partes de asia y oceania con comentarios y 96 reproducciones en facsimil|1912	Spanish	Biblioteca Oriental; comprende 2747 obras relativas à Filipi
bisson thomas arthur|shadow over asia the rise of militant japan|1941	English	Shadow over Asia; the rise of militant Japan.
bohner hermann tr|kamatari den taishokukwan den kaden d i haustraditionen des hauses fujiwara oberer band|1941	German	Kamatari-den; Taishokukwan-den. Kaden, d.i. Haustraditionen 
bohner hermann|muchimaro den kaden d i haustraditionen des hauses fujiwara unterer band|1942	German	Muchimaro-den; Kaden, d.i., Haustraditionen (des Hauses Fuji
bohner hermann|tachibana no hayanari den|1942	German	Tachibana-no-Hayanari-den
bohner hermann|wake no kiyomaro den|1940	German	Wake-no-Kiyomaro-den
bonneau georges tr|le haiku|1935	French	Le Haiku
bonneau georges|japon et mandchourie|1932	French	Japon et Mandchourie.
bonneau georges|la haiku|1935	French	La Haiku.
booth william beattie|illustrations and descriptions of the plants which compose the natural order camellieae and of the varieties of camellia japonica cultivated in the gardens of great britain|1931	English	Illustrations and descriptions of the plants which compose t
borquez djed|el mundo es igual|1931	Spanish	El mundo es igual.
borton hugh et al|a selected list of books and articles on japan in english french and german comp by hugh borton serge elisseeff and edwin o reischauer|1940	English	A selected list of books and articles on Japan in English, F
bosch pieter antonie roeper|de verhouding tusschen japan en nederlandsch indie|1918	Dutch	De verhouding tusschen Japan en Nederlandsch-Indië.
bosch pieter antonie roeper|japan in den oorlog|1920	Dutch	Japan in den oorlog.
boullaire|la cavalerie russe en mandchourie|1911	French	La cavalerie russe en Mandchourie.
boxer c r|padre joao rodriquez tcuzu s j and his japanese grammars of 1604 and 1620|1950	English	Padre João Rodriquez Tçuzu S. J. and his Japanese Grammars o
boxer c r|the embassy of captain goncalo de siqueira de souza to japan in 1644 1647|1939	English	The Embassy of Captain Gonçalo de Siqueira de Souza to Japan
boxer charles ralph|azia sinica e japonica obra postuma e inedita de frade arrabido jose de jesus maria v 1|1941	Portuguese	Azia Sinica e Japonica; obra póstuma e inédita de frade arra
boxer charles ralph|the embassy of captain goncalo de siqueira de souza to japan in 1644 7|1939	English	The embassy of Captain Gonçalo de Siqueira de Souza to Japan
bozoky dezso|ket ev keletazsiaban ulirajzok kotet 2 japan minden jog fentartva|1911	Hungarian	Két év keletázsiában. Ulirajzok. Kötet 2. Japán. Minden jog 
brandt max august scipion von|ostasiatische fragen china japan korea altes und neues|1897	German	Ostasiatische Fragen: China, Japan, Korea; Altes und Neues.
brody sandor|japan orszag a felkelo nop birodalma eredeti japan kepekkel szines terkeppel angol franczia es nemet munkak utan|1904	Hungarian	Jápan ország; a felkelö nop birodalma. Eredeti japán képekke
brou alexandre|saint francois xavier|1922	French	Saint François Xavier.
buenos aires museo national de bellas artes|exposicion de arte de china y japon|1936	Spanish	Exposicion de arte de China y Japon.
buhot jean|le japon|1947	French	Le Japon
bulgakov f i|port artur iaponskaia osada i russkaia oborona ego c moria i sushi|1905	Russian	Port-Artur; iaponskaia osada i russkaia oborona ego c moria 
bunmei kyokai|dai nippon 1934|1934	English	Dai Nippon, 1934.
bunmei kyokai|dai nippon 1936 to contribute through the introduction of the culture of japan to the great task of international cooperation|1936	English	Dai Nippon, 1936. To contribute through the introduction of 
burnight ralph fletcher|japanese in rural los angeles county|1920	English	Japanese in rural Los Angeles County.
buschan georg|kulturgeschichte japans|1938	German	Kulturgeschichte Japans.
cane florence du|the flowers and gardens of japan painted by ella du cane|1908	English	The flowers and gardens of Japan. Painted by Ella du Cane.
caters christian de|visages du japon|1936	French	Visages du Japon.
chamberlin william henry|japan over asia|1937	English	Japan over Asia.
chamberlin william henry|japan over asia|1941	English	Japan Over Asia
champney elizabeth w jt author|romance of old japan by elizabeth and frere champney|1917	English	Romance of old Japan, by Elizabeth and Frére Champney.
chikamatsu tokuzo|miss morning glory a story from an old japanese drama retold by asataro miyamori and rev by a w playfair with a japanese translation|1917	English	Miss Morning-glory; a story from an old Japanese drama. Reto
cho fusao|normentafel zur entwicklungsgeschichte des trionyx japonicus|1938	German	Normentafel zur Entwicklungsgeschichte des Trionyx japonicus
cieslik hubert|nanbanji romane der tokugawa zeit|1943	German	Nanbanji-Romane der Tokugawa-Zeit
clavery edouard|extreme orient chine japon 1939|1939	French	Extrême-Orient: Chine-Japon 1939.
cohn william|ostasiatische portratmalerei|1922	German	Ostasiatische Porträtmalerei
collado diego|niffon no cotoba ni yo confesion vo mosu yodai to mata confesor yori goxensacu mesaruru tame no canyo naru giogio no coto danguixa no monpa no fr diego collado to yu xucque roma ni voite core vo xitate mono nari|1866		Niffon no cotôba ni yô confesion vo mósu yōdai to màta Confe
collins gilbert|flower of asia a novel of nihon|1924	English	Flower of Asia. A novel of Nihon.
cook canfield|wings over japan|1944	English	Wings over Japan
corazza heinz|japan wunder des schwertes|1935	German	Japan; Wunder des Schwertes.
coucheron aamot w|kriget mellan japan och kina jamte kortfattad skildring af ostra asiens historia|1897	Swedish	Kriget mellan Japan och Kina; Jämte kortfattad skildring af 
coucheron aamot w|li hung changs fodreland og ostasiens historie efter freden til shimonoseki|1898	Danish	Li Hung-changs Födreland og ostasiens historie efter Freden 
couperus louis|nippon tr from the dutch by john de la valette|1926	English	Nippon. Tr. from the Dutch by John de la Valette.
couperus louis|nippon|1925	Dutch	Nippon.
courant maurice|bibliographie coreene supplement jusqu en 1899|1901	French	Bibliographie coréene: Supplement, jusqu'en 1899.
courant maurice|bibliographie coreene|1894 96	French	Bibliographie coréene.
d anethan baroness albert|the twin soul of o take san|1914	English	The twin-soul of O'Také san.
dai nippon yubenkai kodansha|press notice on the autobiography of mr seiji noma|1935	English	Press notice on the autobiography of Mr. Seiji Noma.
dai nippon yubenkai kodansha|seiji noma magazine king of japan a sketch of his life character and enterprises|1927	English	Seiji Noma, "Magazine king" of Japan; a sketch of his life, 
dao trinh nhat|nou 6 c nhu t bon 30 nam duy tan|1936	Vietnamese	Nou'6'c Nhu't-Bön, 30 nam Duy-Tân.
dauthendey max|iaponskie novelly perevod s nemetskovo h samoilovoi|1914	Russian	Iaponskie novelly. Perevod s nemetskovo H. Samoilovoi.
dautremer joseph|fleurs de souvenance et fleurs d oubli|1936	French	Fleurs de souvenance et fleurs d'oubli.
dawe william carlton layton|the girl from nippon|1915	English	The girl from Nippon.
de visser marius willem|het buddhisme in japan|1911	Dutch	Het Buddhisme in Japan.
de visser marius willem|oud en nieuw japan vier lezingen gehouden voor de ned ind bestuursacademie|1913	Dutch	Oud en nieuw Japan; vier lezingen gehouden voor de Ned. Ind.
de visser marius willem|the bodhisattva ti tsang jizo in china and japan|1914	English	The Bodhisattva Ti-tsang (Jizô) in China and Japan.
depping guillaume|le japon|1883	French	Le Japon.
depping guillaume|le japon|1889	French	Le Japon.
doederlein l|die liu kiu insel amami oshima|1881	German	Die Liu-Kiu-Insel Amami-Oshima
doren j b j van|de openstelling van japan voor de vreemde natien in 1856|1861	Dutch	De openstelling van Japan voor de vreemde natiën in 1856.
dubard maurice|japanese life love and legend a visit to the empire of the rising sun from le japon pittoresque of m d by william conn|1886	English	Japanese life, love, and legend; A visit to the empire of th
dubard maurice|le japon pittoresque|1879	French	Le Japon pittoresque.
dumoulin heinrich|die erneuerung des liederweges durch kamo mabuchi|1943	German	Die Erneuerung des Liederweges durch Kamo Mabuchi
dunker guilielmo|index molluscorum maris japonici conscriptus et tabulis iconum xvi illustratus|1882	Latin	Index Molluscorum Maris Japonici conscriptus et tabulis icon
dyer henry|dai nippon the britain of the east a study in national evolution|1904	English	Dai Nippon; the Britain of the East; a study in national evo
eguchi kan|liubov i tiur ma roman perevod s iaponskogo eleny ternovskoi|1927	Russian	Liubov' i tiur'ma. Roman. Perevod s iaponskogo Eleny Ternovs
elisseeff serge jt auth|elementary japanese for university students vocabularies grammar and notes by serge elisseeff and edwin o reischauer|1941	English	Elementary Japanese for university students. Vocabularies, g
elisseeff serge jt auth|selected japanese texts for university students comp by serge elisseeff and edwin o reischauer|1947 48	English	Selected Japanese texts for university students, comp. by Se
elisseeff serge|l art du japon|1939	French	L'art du Japon
elisseev serge|les peintres de l ecole kano|1925	French	Les peintres de l'Ecole Kano
elisseev serge|mythologie du japon|1928	French	Mythologie du Japon
endo ryukichi|kodo no nippon being a vindication of nipponism|1934	English	Kodo-no-Nippon, being a vindication of Nipponism.
faber hermann|alt japan skizzen und geschichten|1910	German	Alt-Japan; Skizzen und Geschichten.
faulds henry|nine years in nippon sketches of japanese life and manners|1885	English	Nine years in Nippon: sketches of Japanese life and manners.
faulds henry|nine years in nippon sketches of japanese life and manners|1887	English	Nine years in Nippon: sketches of Japanese life and manners.
federacion japonesa de los gremios exportadores e importadores con la america latina|sintesis de las conferencias de mesa redonda entre la mision economica mexicana y los hombres de negocios del japan 1940|1940	Spanish	Sintesis de las conferencias de mesa redonda entre la mision
findahl theo|den gule keiservei inntrykk fra japan|1935	Norwegian	Den gule keiservei. Inntrykk fra Japan.
finnemore john|japan with 12 full page illustrations in colour by ella du cane|1907	English	Japan. With 12 full-page illustrations in colour, by Ella du
finnemore john|japan with 12 full page illustrations in colour by ella du cane|1910	English	Japan. With 12 full-page illustrations in colour, by Ella du
fischer jacob|mandschukuos kampft und sieg|1933	German	Mandschukuos Kampft und Sieg.
fleisher wilfrid|vulkanen japan oversattningen ar utford av johan o lilliehook och ake malmstrom|1942	Swedish	Vulkanen Japan. (Översattningen är utford av Johan O. Lillie
florenz k|die japaner|1925	German	Die Japaner
focillon henri|hokousai|1914	French	Hokousaï.
focillon henri|hokousai|1925	French	Hokousaï.
fraissinet edouard|le japon contemporain|1857	French	Le Japon contemporain.
frankman kurt|vara liv for mikado japansk patriotism|1935	Swedish	Våra liv för Mikado, Japansk patriotism.
frois luis|segunda parte da historia de japam que trata das couzas que socederao nesta v provincia da hera de 1578 por diante comecado pela conversao del rey de bungo 1578 1592 capitulos i a xliii da segunda parte de historia de japam editados e anotados por joao do amaral abranches pinto e yoshitomo okamoto|1938	Portuguese	Segunda parte da historia de Japam que trata das couzas, que
fujii shinichi|tenno seiji|1944		Tenno seiji.
fujikawa yu|japanese medicine tr from the german by john ruhrah with a chapter on the recent history of medicine in japan by kageyas w amano|1934	English	Japanese medicine. Tr. from the German by John Ruhräh. With 
fujisawa chikao|the great shinto purification ritual and the divine mission of nippon a prophecy of the dawn of a new age|1942	English	The great Shinto purification ritual and the divine mission 
funch elsbeth|i tempel och tehus tredje upplagan|1922	Swedish	I tempel och tehus. Tredje upplagan.
futatsubashi ken|edinstvennyi iaponsko russkii slovar|1910	Russian	Edinstvennyi Iaponsko-Russkii slovar'.
gauntlett edward|phonographia japonica a complete exposition of edward gauntlett s system of phonetic shorthand for the japanese language|1899	English	Phonographia Japonica; a complete exposition of Edward Gaunt
gerard auguste|ma mission au japon 1907 1914|1919	French	Ma mission au Japon, 1907-1914.
gerard auguste|nos allies d extreme orient|1918	French	Nos alliés d'Extrême-Orient.
ghosh c c|the silk industry of japan|1933	English	The Silk Industry Of Japan
gilbert friedrich robert|mnemotechnisches taschenlexikon der chinaschrift|1933	German	Mnemotechnisches Taschenlexikon der Chinaschrift.
glucker a|waffenlos siegen jiu jitsu jiu do als selbstverteidigung und sport|1934	German	Waffenlos siegen! Jiu-jitsu (Jiu-do) als Selbstverteidigung 
gobineau comte de|trois ans en asie tome 1 le japon|1922	French	Trois ans en Asie. Tome 1: Le Japon.
goncourt edmond louis antoine huot de|collection des goncourt arts de l extreme orient|1897	French	Collection des Goncourt. Arts de l'Extreme Orient...
goncourt edmond louis antoine huot de|hokusai facsimile du portrait d hokusai octogenaire peint par sa fille oyei|1896	French	Hokusai. Facsimile du portrait d'Hokusai octogenaire peint p
gookin frederick william|descriptive catalogue of japanese colour prints the collection of alexander g mosle|1927	English	Descriptive catalogue of Japanese colour prints, the collect
goudareau g|excursions au japon|n d	French	Excursions au Japon.
greater east asia war inquiry commission|the american british challenge directed against nippon|1943	English	The American-British challenge directed against Nippon.
griffis william elliot|dux christus au outline study of japan|1904	English	Dux Christus. Au outline study of Japan.
griffis william elliot|the mikado s empire|1876	English	The Mikado's Empire (皇國).
griffis william elliot|the mikado s empire|1877	English	The Mikado's Empire (皇國).
griffis william elliot|the mikado s empire|1886	English	The Mikado's Empire (皇國).
griffis william elliot|the mikado s empire|1903	English	The Mikado's Empire (皇國).
griffis william elliot|the mikado s empire|1913	English	The Mikado's Empire (皇國).
griffis william elliot|the religions of japan from the dawn of history to the era of meiji|1895	English	The religions of Japan, from the dawn of history to the era 
griffis william elliot|the religions of japan from the dawn of history to the era of meiji|1901	English	The religions of Japan, from the dawn of history to the era 
groot gerard|besonderheiten der ryukyusprache|1940	German	Besonderheiten der Ryūkyūsprache
grosse ernst|die ostasiatische tuschmalerei|1923	German	Die ostasiatische Tuschmalerei
grousset rene|histoire de l asie|1921 22	French	Histoire de l'Asie
grousset rene|le japon|1921 22	French	Le Japon
grunfeld e|lorenz von stein und japan|1913	German	Lorenz von Stein und Japan
guerville a b de|au japon|1904	French	Au Japon.
guerville a b de|au japon|1906	French	Au Japon.
h rlyck helene|frida i japan fortaelling for pigeb rn|19	Danish	Frida i Japan; Fortaelling for pigebørn.
haas hans|japans zukunftsreligion|1907	German	Japans Zukunftsreligion.
haguenauer m c|sens et origine probable de l expression sho en so en|1938	French	Sens et origine probable de l'expression Sho-en (So-en)
hammitzsch horst tr|ein reisetagebuch des matsuo basho|1936	German	Ein Reisetagebuch des Matsuo Bashō
hanson lisbeth|det leende nippon|1936	Swedish	Det leende Nippon.
harada jiro|the shosoin an eight century repository|1950	English	The Shôsôin; an eight century repository.
harte van tecklenburg j j l tr|het burgerlijk wetboek van het keizerrijk japan|1903	Dutch	Het burgerlijk wetboek van het Keizerrijk Japan.
haushofer karl|mutsuhito kaiser von japan|1933	German	Mutsuhito: Kaiser von Japan.
hayashi hiroyuki|the story of nippon|1900 08	English	The story of Nippon.
hayashide kenjiro|epochal journey to nippon diary of one accompanying h m the emperor|1938	English	Epochal journey to Nippon; diary of one accompanying H. M. t
hearn lafcadio|complete lectures on poetry ed by ryuji tanabe teisaburo ochiai and ichiro nishizaki|1934	English	Complete lectures on poetry. Ed. by Ryuji Tanabé, Teisaburo 
hearn lafcadio|complete lectures on poets ed by ryuji tanabe teisaburo ochiai and ichiro nishizaki|1934	English	Complete lectures on poets. Ed. by Ryuji Tanabé, Teisaburo O
hearn lafcadio|phantasien berechtigte ubertragung von else von hollander|1921	German	Phantasien. Berechtigte Übertragung von Else von Hollander.
hernando francisco|gracia 6 la cristiana del japon leyenda historica biblioteca del hogar|1906	Spanish	Gracia 6 la Cristiana del Japon. Leyenda, histórica, bibliot
hesse wartegg ernst von|china und japan erlebnisse studien beobachtungen von ernst von hesse wartegg|1900	German	China und Japan; Erlebnisse, Studien, Beobachtungen, von Ern
heyden van der jt author|vodasbuk volapukik yapanik fa dr van der heyden e hayato sasaki|1889	Volapük	Vödasbuk Volapükik-Yapänik 世界語辭林 fa Dr. Van der Heyden e Hay
hibino yutaka|nippon shindo ron or the national ideals of the japanese people tr with an introduction by a p mckenzie|1928	English	Nippon shindo ron, or the national ideals of the Japanese pe
hitchcock alfred m|over japan way|1917	English	Over Japan way.
hochberg count fritz|an eastern voyage a journal of the travels of count fritz hochberg through the british empire in the east and japan|1910	English	An Eastern voyage; a journal of the travels of Count Fritz H
hoffmann johann joseph|winkelgesprekken in het hollandsch engelsch en japansch|1861	Dutch	Winkelgesprekken in het Hollandsch, Engelsch en Japansch.
holland clive|mousume|1902	French	Mousumé.
horiguchi daigaku|tanka poesias japonesas tr por munio nisay|1925	Spanish	Tanka; poesias japonesas. Tr. por Munio Nisay.
humbertclaude pierre|recherches sur deus catalogues de macao 1616 1632|1942 43	French	Recherches sur deus catalogues de Macao (1616 & 1632).
hyakunin isshu|la centuria poetica hyaku nin isshu tr by marcello muccioli|1949	Italian	La centuria poetica (Hyaku-nin-isshu). Tr. by Marcello Mucci
ijima isao|nippon no tori mokuroku or list of the birds of japan|1891	English	Nippon no tori mokuroku, or list of the birds of Japan.
ikeda s|weltbetrachtungen eines japaners|1923	German	Weltbetrachtungen eines Japaners.
imaoka juichiro|uj nippon tobb szez keppel es mumelleklettel|1929	Hungarian	Új Nippon. Több széz Képpel és mūmelléklettel.
inagaki m|language text of nippon|1938	English	Language text of Nippon.
inoue tetsujiro|oszirozsa japan eposz harom enekben irta i t es meg nehany kisebb japan lirai koltemeny florenz karoly forditotta nyeviczkey zoltan|1907	Hungarian	Oszirózsa. Japán Eposz Három Enekben irta I. T., és még néhá
instituto nacional de estudos pedagogicos|intercambio de trabalhos escolares catalogo da exposicao de trabalhos escolares japonese enviados as escolas brasilleiras por inciativa da assocciacao nipo brasileira de kobe|1939	Portuguese	Intercâmbio de trabalhos escolares. Catalogo da exposição de
internationale hygiene ausstellung|altjapanische und altchinesische arznei und volksmittel|1911	German	Altjapanische und altchinesische Arznei- und Volksmittel.
ishibashi t and dumoulin h trs|yuiitsu shinto myobo yoshu lehrabriss der yuiitsu shinto|1940	German	Yuiitsu-Shintō Myōbō-yōshū. Lehrabriss der Yuiitsu-Shintō
ivan vitez nagy|japan kozoktatasugye the national education of japan|1937	Hungarian	Japán közoktatásügye (The national education of Japan).
izumi shikibu|izumi shikibu nikki diaries of court ladies of old japan tr by annie shepley omori and kochi doi|1920	English	Izumi Shikibu nikki: Diaries of court ladies of old Japan. T
izumi shikibu|izumi shikibu nikki diaries of court ladies of old japan tr by annie shepley omori and kochi doi|1935	English	Izumi Shikibu nikki: Diaries of court ladies of old Japan. T
jancigny dubois de|japon indo chine empire birman siam annam peninsule malaise ceylan|1850	French	Japon, Indo-Chine, Empire Birman, Siam, Annam, Péninsule Mal
japan burma association|industrial review of nippon|1938	English	Industrial review of Nippon.
japan burma association|industrial review of nippon|1940	English	Industrial review of Nippon.
japan laws statutes etc|code de procedure penale|1892	French	Code de procédure pénale.
japan laws statutes etc|commercial code tr into english by ludwig lonholm|1898	English	Commercial code. Tr. into English by Ludwig Lönholm.
japan laws statutes etc|japanese commercial law containing the law of bankruptcy of partnerships and companies and of bills of exchange notes and checks tr by l lonholm|1865	English	Japanese commercial law; containing the law of bankruptcy of
japan laws statutes etc|japanese commercial law containing the law of bankruptcy of partnerships and companies and of bills of exchange notes and checks tr by l lonholm|1895	English	Japanese commercial law; containing the law of bankruptcy of
japan laws statutes etc|law concerning the registration of immovables and ordinances and rules relating thereto tr by dr l h lonholm|1899	English	Law concerning the registration of immovables and ordinances
japan laws statutes etc|law concerning the registration of immovables and ordinances and rules relating thereto tr by dr l h lonholm|1911	English	Law concerning the registration of immovables and ordinances
japan laws statutes etc|loi organique des tribunaux|1892	French	Loi organique des tribunaux.
japan laws statutes etc|new japanese laws supplementary to the codes with an appendix containing a glossary of commercial terms tr by ludwig lonholm|1898	English	New Japanese laws; supplementary to the codes. With an appen
japan laws statutes etc|novyi iaponskii vosnyi tarif na russkom iazyke perevod s iaponskago s sasaki|1911	Russian	Novyi iaponskii vosnyi tarif na russkom iazyke. Perevod s ia
japan laws statutes etc|the civil code of japan tr by ludwig lonholm|1898	English	The civil code of Japan. Tr. by Ludwig Lönholm.
japan laws statutes etc|the civil code of japan tr by ludwig lonholm|1903	English	The civil code of Japan. Tr. by Ludwig Lönholm.
japan laws statutes etc|the civil code of japan tr by ludwig lonholm|1906	English	The civil code of Japan. Tr. by Ludwig Lönholm.
japan laws statutes etc|the civil code tr by dr ludwig lonholm|1898	English	The civil code. Tr. by Dr. Ludwig Lönholm.
japan laws statutes etc|the commercial code of japan and the law concerning its operation tr by ludwig lonholm|1898	English	The commercial code of Japan and the law concerning its oper
japan laws statutes etc|the commercial code of japan and the law concerning its operation tr by ludwig lonholm|1899	English	The commercial code of Japan and the law concerning its oper
japan laws statutes etc|the commercial code of japan and the law concerning its operation tr by ludwig lonholm|1901	English	The commercial code of Japan and the law concerning its oper
japan laws statutes etc|the commercial code of japan and the law concerning its operation tr by ludwig lonholm|1911	English	The commercial code of Japan and the law concerning its oper
japan laws statutes etc|the commercial code of japan and the law concerning its operation tr by ludwig lonholm|n d	English	The commercial code of Japan and the law concerning its oper
japan laws statutes etc|the companies act and the act relating to private companies or yugen kaisha with the general provisions and enforcement regulations of the commercial code of japan comp and tr by shinichi hirabayashi|1941	English	The companies act and the act relating to private companies 
japan laws statutes etc|the new criminal code of japan tr by l h lonholm|1907	English	The new criminal code of Japan. Tr. by L. H. Lönholm.
japan laws statutes etc|the new japanese laws concerning patents trade marks designs and utility models tr by l h lonholm|1910	English	The new Japanese laws concerning patents, trade marks, desig
japan laws statutes etc|the revised custom import tariff of japan comp and tr by iwai mototaro|1903	English	The revised custom import tariff of Japan. Comp. and tr. by 
japan photo service|four japanese painters taikan yokoyama gyokudo kawai shoen uemura and kiyokata kaburagi with reproductions and remarks by the artists photos by ihee kimura|1939	English	Four Japanese painters: Taikan Yokoyama, Gyokudo Kawai, Shoe
japanisch deutsches kultur institut|japanisch deutscher geistesaustausch heft 1 4|1928 1932	German	Japanisch-deutscher Geistesaustausch. Heft. 1-4.
japanisch osterreichische gesellschaft nichi oh kyokai|jahresbericht fur 1936 37|1937	German	Jahresbericht für 1936-37.
jippensha ikku|hizakurige tokaido circuit tr by thomas satchell|1929	English	Hizakurigé (Tokàido circuit). Tr. by Thomas Satchell.
joly h l and inada hogitaro|the sword book in honcho gungiko of arai hakuseki and the book of same ko hi sei gi of inaba tsurio|1913	English	The Sword Book in Honchō Gungikō of Arai Hakuseki and the Bo
jonas f m|netsuke|1928	French	Netsuké.
kadore pierre de|nipponeries d ete|1922	French	Nipponeries d'été.
kaigun heigakko|tables kokai hyo|1892	French	Tables Kôkai-hyô.
kaji ryuichi|le japon comment s est formee sa civilisation moderne|1939	French	Le Japon. Comment s'est formee sa civilisation moderne.
kamo chomei|hojoki di kamo no chomei traduz intr e note por marcello muccioli|1929	Italian	Hojoki di Kamo-no-Chomei. Traduz. intr. e note por Marcello 
kamo chomei|hojoki notes from a ten feet square hut tr by f victor dickins|1907	English	Hôjôki, notes from a ten-feet square hut. Tr. by F. Victor D
kamo chomei|hojoki notes from a ten feet square hut tr by f victor dickins|1921	English	Hôjôki, notes from a ten-feet square hut. Tr. by F. Victor D
kamo chomei|hojoki notes from a ten feet square hut tr by f victor dickins|1933	English	Hôjôki, notes from a ten-feet square hut. Tr. by F. Victor D
kaye michael|the mousme a japanese romance by michael kaye and eade montefiore|1912	English	The Mousmé. A Japanese romance, by Michael Kaye and Eade Mon
keller paul|japan berichte an die nzz|1935	German	Japan: Berichte an die NZZ.
kellermann bernhard|ein spaziergang in japan|1910	German	Ein Spaziergang in Japan.
kellermann bernhard|ein spaziergang in japan|1920	German	Ein Spaziergang in Japan.
kitabatake chikafusa|zinno sjootoo ki la historio de la japana imperiestra trono fondita pratempe en la dia epoko kaj laulege heredata gis nuntempe de la posteularo de la fondinto tr by k nohara|1941	Esperanto	Zinno-sjootoo-ki; la historio de la japana imperiestra trono
knobel fridolin marinus|uit zonneland|1909	Dutch	Uit Zonneland.
kobe university of commerce|annual bulletin of the financial and economic statistics of nippon|1913 23	English	Annual Bulletin of the Financial and Economic Statistics of 
kobelt w|fauna molluscorum extramarinorum japoniae|1879	German	Fauna molluscorum extramarinorum Japoniae.
kokin waka shu|introduction au kokinshu tr par georges bonneau|1933	French	Introduction au Kokinshu. Tr. par Georges Bonneau.
kokusai bunka shinkokai|anuario de las actividades de la kokusai bunka shinkokai desde abril de 1935 a marzo de 1936|1936	Spanish	Anuario de las actividades de la Kokusai Bunka Shinkokai des
kokusai bunka shinkokai|catalogue of the k b s library a classified list of works in western languages relating to japan in the library of the kokusai bunka shinkokai|1937	English	Catalogue of the K.B.S. library. A classified list of works 
kokusai bunka shinkokai|connaissance du japon|1943	French	Connaissance du Japon.
kokusai bunka shinkokai|flores del japon|1941	Spanish	Flores del Japón.
kokusai bunka shinkokai|japon enfoques con illustrationes|1942	Spanish	Japón; enfoques con illustrationes.
kokusai bunka shinkokai|portugal e o japao|1940	Portuguese	Portugal e o Japaõ.
kokusai bunka shinkokai|representacion del drama lirico noh momiji gari jira bajo los arces|1940	Spanish	Representacion del drama lirico "Noh", Momiji-gari (Jira baj
kol h h van|japan indrukken van land en volk met een voorwoord van m w de visser|1917	Dutch	Japan, indrukken van land en volk. Met een voorwoord van M. 
kongo iwao ed|no gaku ko men taikan|1932		Nō-gaku ko-men taikan
konjaku monogatari|la ribellione di masacado e di masacado e di sumitomo translation from konjaku monogatari by lodovico nocentini|1878	Italian	La ribellione di Masacado e di Masacado e di Sumitomo. Trans
konko kyo honbu|the sacred scriptures of konkokyo|1933	English	The sacred scriptures of Konkôkyô.
korschelt o|das go spiel|n d	German	Das "Go"-Spiel.
koso kishodai|observadoj meteorologiaj kaj aerologiaj faritaj en la aerologia observatorio de tateno en la internaciaj tagoj dum la polusa jaro 1932 33 no 2 julio dec 1932|1933	Esperanto	Observadoj meteorologiaj kaj aerologiaj faritaj en la aerolo
koya y|rassenkunde der aino|1937	German	Rassenkunde der Aino.
kummel otto|das kunstgewerbe in japan|1911	German	Das Kunstgewerbe in Japan.
kummel otto|das kunstgewerbe in japan|1922	German	Das Kunstgewerbe in Japan.
kummel otto|landschaften der ashikaga zeit|1911	German	Landschaften der Ashikaga-Zeit
kummel otto|ostasiatisches gerat|1925	German	Ostasiatisches Gerät
kungl akademien for de fria konsterna|katalog ofver konsthandtverkarnes gilles utstallning af japansk konst och konsthandtverk i kungl akade mien for de fria konsterna|1911	Swedish	Katalog öfver Konsthandtverkarnes Gilles Utställning af Japa
kunos ignac|mimozak es krizantemok nippon foldi mesevilag|1930	Hungarian	Mimózák és krizántémok. Nippon-földi mesevilág.
kure daigoro jt author|an english chinese and japanese conversation by daigoro kure and yung pang cheng|1914	English	An English-Chinese and Japanese conversation, by Daigoro Kur
kure daigoro jt author|an english chinese and japanese conversation by daigoro kure and yung pang cheng|1916	English	An English-Chinese and Japanese conversation, by Daigoro Kur
kurono yoshibumi comp|russko iaponskii razgovory s plirozheniem iaponskikh poslovits pogovorok i t p perevedennykh na russkii iazyk i niekotorykh russkikh poslovits s perevodom na iaponskii iazyk|189	Russian	Russko-Iaponskii razgovory, s plirozheniem iaponskikh poslov
kyushu teikoku daigaku|nipponjin no chosaku seru nippon shokai obun bunken mokuroku|1944		Nipponjin no chosaku-seru Nippon shōkai ōbun bunken mokuroku
labberton d van hinloopen|the oceanic languages and the nipponese as branches of the nippon malay polynesian family of speech|1925	English	The Oceanic Languages and the Nipponese as Branches of the N
lachin maurice|japon 1934|1934	French	Japon 1934.
laguerie villetard de|le japon actuel|1896	French	Le Japon actuel.
lapeyrere p de|le japon militaire|1883	French	Le Japon militaire.
larsen karl|japansk aand anden noget for gede udgave|1910	Danish	Japansk Aand. Anden, Noget forøgede, Udgave.
laur g|tsoushima suivi de remarques par le lieutenant de vaisseau baudry|1909	French	Tsoushima. Suivi de "Remarques", par le lieutenant de vaisse
lawson ted w and robert considine eds|thirty seconds over tokyo|1943	English	Thirty Seconds over Tokyo
le couteur wilson|to nippon the land of the rising sun by the n y k guide book to japan|1899	English	To Nippon, the land of the rising sun, by the N.Y.K. Guide b
lebon p|l apostolat par l education au japon|1908	French	L'apostolat par l'education au Japon.
leemkolk w j v de|suikercultur industrie en handel van japan|1915	Dutch	Suikercultur, industrie en handel van Japan.
lehmann f w paul|geografia del japon traduccion y notas de carlos de salas|1929	Spanish	Geografia del Japón. Traduccion y notas de Carlos de Salas.
leon esmeraldo e de|nippon in spring souvenir of the second filipino students educational party to japan 1936|1936	English	Nippon in spring. Souvenir of the second Filipino students e
levitskii n a|russko iaponskaia voina 1904 1905 gg|1936	Russian	Russko-iaponskaia voina, 1904-1905 gg.
levy roger|a qui la mandchourie|1932	French	A qui la Mandchourie?
levyssohn joseph henry|bladen over japan|1852	Dutch	Bladen over Japan.
lima oliveira|a imigracao japonesa para o estado da paraiba do norte|1936	Portuguese	A imigração japonesa para o Estado da Paraiba do Norte.
linder estrid|tretton kapitel om en lycklig resa amerika japan kina sibirien|1919	Swedish	Tretton Kapitel om en lycklig resa. Amerika-Japan-Kina-Sibir
lissner jvar|menschen und machte am pazifik|1937	German	Menschen und Machte am Pazifik.
lobo bruno|de japones a brasileiro adaptacao e nacionalisacao do immigrante|1932	Portuguese	De Japones a Brasileiro. Adaptaçao e nacionalisação do immig
loonen ch|le japon moderne|1894	French	Le Japon moderne.
loti pierre|japan madame chrysantheme tr from the french by laura ensor|n d	English	Japan (Madame Chrysanthème). Tr. from the French by Laura En
loti pierre|madame chrysantheme ed and tr into english by j tsutsui|1902	English	Madame Chrysanthème. Ed. and tr. into English by J. Tsutsui.
loti pierre|madame chrysantheme english ed tr by laura ensor with designs by rossi and myrbach|1889	English	Madame Chrysanthème. English ed. Tr. by Laura Ensor with des
loti pierre|madame chrysantheme english ed tr by laura ensor with designs by rossi and myrbach|1897	English	Madame Chrysanthème. English ed. Tr. by Laura Ensor with des
loti pierre|madame chrysantheme|1888	French	Madame Chrysanthème.
loti pierre|madame chrysantheme|1924	French	Madame Chrysanthème.
loti pierre|madame chrysantheme|1936	French	Madame Chrysanthème.
luetherbeck g a|het boeddhisme in japan|1931 32	Dutch	Het Boeddhisme in Japan.
luhdorf fr aug|acht monate in japan nach abschluss des vertrages von kanagawa|1857	German	Acht Monate in Japan nach Abschluss des Vertrages von Kanaga
luxinger j|drie nederlanders bestrijden japan een verhaal van ondergronds gewapend verzet tegen de japanners in indonesie 1942 1943|1949	Dutch	Drie Nederlanders bestrijden Japan, een verhaal van ondergro
madrolle claudius|japon tokyo kyoto nikko kakone etc|1914	French	Japon: Tokyo-Kyoto-Nikko-Kakone-etc.
magerlein heinz|jiu jitsu der waffenlose nahkampf|n d	German	Jiu-Jitsu, der waffenlose Nahkampf.
mainichi shinbunsha jinko mondai chosakai|population problems series contents no 1 the population of japan 1950 no 2 various forms of invisible unemployment in agricultural districts no 3 a survey of public opinion in japan on the readjustment of over population no 4 problem of population and economy of japan 1951 no 5 activities of the population problems research council no 6 family system and population of farming communities in japan 1952 no 7 public opinion survey on birth control in japan 1952 no 8 influences of emigrants on their home village 1953 no 9 family planning movement in japan 1953 no 10 japanese economy and problems of employment 1954 no 11 the future of japan her population and natural resources 1955 no 12 some facts about family planning in japan 1955 no 13 no 14 facts about the population of japan shown in figures and charts 1956 no 15 fourth public opinion survey on birth contol in japan 1958 no 16 fifth public opinion survey on birth control in japan 1959 no 17 facts about japan s population 1960 no 18 sixth opinion survey on family planning and birth control a preliminary report 1962|1950	English	Population problems series. [Contents:] No.1, The population
mainichi shinbunsha|communiques issued by the imperial general headquarters from dec 8 1941 to june 30 1943|1943	English	Communiqués issued by the Imperial General Headquarters from
man yoshu|the manyoshu one thousand poems selected and translated from the japanese by japan classics translation committee nippon gakujutsu shinkokai|1940	English	The Manyoshu; one thousand poems selected and translated fro
man yoshu|the manyoshu one thousand poems selected and translated from the japanese by japan classics translation committee nippon gakujutsu shinkokai|1948	English	The Manyoshu; one thousand poems selected and translated fro
martin j m|le shintoisme religion nationale|1924 27	French	Le Shintoisme, religion nationale.
martyr graham|dai nihon|1925	English	Dai Nihon.
matsubara shinnosuke|die salmonidenzucht in japan|1913	German	Die Salmonidenzucht in Japan.
matsumura jinzo|index plantarum japonicarum sive enumeratio plantarum omnium ex insulis kurile yezo nippon sikoku kiusiu kiukiu et formosa hucusque cognitarum|1904 12	Latin	Index plantarum japonicarum sive enumeratio plantarum omnium
matsumura jinzo|nippon shokubutsu meii or nomenclature of japanese plants in latin japanese and chinese|1884	English	Nippon shokubutsu-meii, or nomenclature of Japanese plants i
matsumura jinzo|nippon shokubutsu meii or nomenclature of japanese plants in latin japanese and chinese|1915 16	English	Nippon shokubutsu-meii, or nomenclature of Japanese plants i
matsuo basho|haikai de basho et de ses disciples tr de kuni matsuo et steinilber oberlin illustrations de foujita|1936	French	Haikai de Basho et de ses disciples. Tr. de Kuni Matsuo et S
maufroid a|de java au japon|1913	French	De Java au Japon.
maybon albert|le japon d aujourd hui|1924	French	Le Japon d'aujourd'hui.
meissner kurt|grundlagen der nationalen erziehung in japan|1934	German	Grundlagen der nationalen Erziehung in Japan
meissner kurt|tanabata das sternenfest redigiert von h vohner osaka|1923	German	Tanabata. Das Sternenfest. Redigiert von H. Vohner, Osaka.
mendes cesar de sousa|politica japonesa imperialismo e democracia|1916	Portuguese	Politica japonesa. Imperialismo e democracia.
metaxa ina|le japon mystique|1927	French	Le Japon mystique.
micard etienne|le japon|1928	French	Le Japon.
militar wochenblatt|the battle of mukden tr from militar wochenblatt by karl von donat|1906	English	The battle of Mukden. Tr. from "Militär Wochenblatt", by Kar
minakawa m tr|four no plays ed and tr by m minakawa|1934	English	Four Nô-plays, Ed. and tr. by M. Minakawa.
minkkinen t|japanilaisen kuuluisan vangin kochi yoshitaro elaman viheet armoihmeita pakanain seassa|1922	Finnish	Japanilaisen kuuluisan vangin, Kōchi Yoshitaro, elämän vihee
mitford algernon bertram freeman|the ghost of sakura sogoro rev by j l white|1892	English	The ghost of Sakura Sôgorô. Rev. by J. L. White.
mitsui takaharu|das familiengesetz des hauses mitsui|1942	German	Das Familiengesetz des Hauses Mitsui
mitsui takaharu|das haus mitsui|1943	German	Das Haus Mitsui.
miyamori asataro|representative tales of japan contents v 1 the young tattooer or irezumi by jun ichiro tanizaki one sided love by jushien tsukahara v 2 dreams by soseki natsume a mere private by katai tayama a tress of black hair by miekichi suzuki v 3 the fox by kafu nagai a wonderful legacy by koyo ozaki my sister by tengai kosugi v 4 the remaining light by chugai goto v 5 love as cruel as the grave by doppo kunikida something for nothing by hakucho masamune v 6 the shoiage by shusei tokuda the dissecting room by sosen mishima v 7 silence gives consent by fuyo oguri cups by ogai mori a winter night s episode in echigo by mimei ogawa v 8 should she have told him by toson shimazaki chums in ill health by kaoru osanai v 9 souls in peril by naoko otsuka o suma s mysterious suicide by sohei morita|1917	English	Representative tales of Japan. [Contents:] v.1, The young ta
miyatake seido|japana gramatico por esperantistoj|1939	Esperanto	Japana gramatico por Esperantistoj.
monchaville m|le japon d outre mer|1931	French	Le Japon d'outre-mer.
mookherjea d n|japan past and present|1939	English	Japan Past And Present
mori ogai|maske ubers von k koike|1918	German	Maske. Übers. von K. Koike.
mosle alexander g|the mosle collection descriptive catalogue to be used in connection with the illustrations of japanese works of art selected from the mosle collection portfolio i and ii|1932 33	English	The Moslé collection. Descriptive catalogue to be used in co
muller friedrich max ed|buddhist texts from japan ed and tr by friedrich max muller and bun yu nanjo|1881	English	Buddhist texts from Japan, Ed. and tr. by Friedrich Max Müll
muraoka gen|el monte fuji|1920	Spanish	El monte Fuji.
murasaki shikibu|murasaki shikibu nikki diaries of court ladies of old japan tr by annie shepley omori and kochi doi with an introduction by amy lowell|1920	English	Murasaki Shikibu nikki: diaries of court ladies of old Japan
murasaki shikibu|murasaki shikibu nikki diaries of court ladies of old japan tr by annie shepley omori and kochi doi with an introduction by amy lowell|1935	English	Murasaki Shikibu nikki: diaries of court ladies of old Japan
musashi koto gakko|florula musashinoensis enumeratio plantarum in musashino sponte crescentium in hortis cultarum et peregrinarum|1926	Latin	Florula Musashinoensis: enumeratio plantarum in Musashino sp
nachod oscar|jahresberichte der geschichtswissenschaft japan|1900 1911	German	Jahresberichte der Geschichtswissenschaft; Japan.
nagayo yoshiro|a imagem de bronze romance traducao de zenaide andrea|1941	Portuguese	A imagem de bronze. Romance. Tradução de Zenaide Andrea.
nagayo yoshiro|le christ de bronze tr by kikou yamata|1941	French	Le Christ de bronze, tr. by Kikou Yamata
nakamura katsumaro|lord ii naosuke and new japan tr by akimoto shunkichi from ii tairo to kaiko|1909	English	Lord Ii Naosuké and new Japan. Tr. by Akimoto Shunkichi from
natori jun ichi|a short history of nippon|1943	English	A short history of Nippon.
natsume soseki|der london tower ubers von kenji koike|1917	German	Der London Tower. Ubers. von Kenji Koike.
natsume soseki|la porte tr with introduction by r martinie|1927	French	La Porte, tr. with introduction by R. Martinie
natsume soseki|la turo de londono trad de nishi seiho|1927	Esperanto	La turo de Londono. Trad. de Nishi Seiho.
naudeau ludovic|plaisir du japon roman|1922	French	Plaisir du Japon. Roman.
nichiro tsushin sha|promyshlennyi nippon|1935	Russian	Promyshlennyi Nippon.
nichiro tsushin sha|sovremennyi nippon i man chdzu di go|1935	Russian	Sovremennyi Nippon i Man'chdzu-di-go.
nieuwenhuis j e|de groei van den buitenladschen handel en scheepvaart van japan sedert het jaar 1900 en enkele beschouwingen naar aanleiding daarvan|1936	Dutch	De groei van den buitenladschen handel en scheepvaart van Ja
nihon ginko|the act and by laws of nippon ginko|1902	English	The act and by-laws of Nippon Ginko.
nippon bunka chuo renmei|masterpieces of japanese art nippon bijutsu shuei|1942 45	English	Masterpieces of Japanese art (Nippon bijutsu shuei).
nippon kogei|nippon industrial art products ceramics lacquer ware wooden ware metallics bamboo and other weaves textiles|1940	English	Nippon industrial art-products, ceramics, lacquer ware, wood
nippon kogyo ginko|the law and the by laws of the nippon kogyo ginko|1902	English	The law and the by-laws of the Nippon Kogyo Ginko.
nippon no romaji sha|an outline of the grammar of colloquial japanese with an introduction on the japanese system of orthography of romanized japanese being the first part of a pocket book of colloquial japanese prepared and published by nippon no romaji sha|1916	English	An outline of the grammar of colloquial Japanese. With an in
nippon race club|rules of the nippon race club 1906|1906	English	Rules of the Nippon Race Club, 1906.
nippon seikokai|nippon sei kokwai hoken hoki constitution and canons of the nippon sei kokwai|1906	English	Nippon Sei Kōkwai hōken hōki; constitution and canons of the
nippon seimei hoken k k|the social welfare work of the nippon life assurance company limited through its social welfare foundation the nippon seimei saisei kai|1935	English	The social welfare work of the Nippon Life Assurance Company
nippon times|the ideal and spirit of japan in the war a selection of editorials from the nippon times june 1942 may 1943|1943	English	The ideal and spirit of Japan in the war; a selection of edi
nippon yusen kaisha line|al oriente encantador|1932	Spanish	Al Oriente encantador.
nishi hikotaro|die baumwollspinnerei in japan|1911	German	Die Baumwollspinnerei in Japan.
nitobe inazo|bushido japans sjael en fremstilling af japansk taenkning oversat af hans brekke|1905	Danish	Bushido, Japans sjael en Fremstilling af japansk Taenkning. 
nitobe inazo|reminiscences of childhood in the early days of modern japan with introduction and comments by mary patterson elkinton nitobe|1934	English	Reminiscences of childhood in the early days of modern Japan
noishiki toshie|harakiri die siebenundvierzig ronin|1938	German	Harakiri, die siebenundvierzig Ronin.
nojiri antonio comp|maravilhas do conto japones|n d	Portuguese	Maravilhas do conto japones.
norinsho|forestry of sugi cryptomeria japonica con and the karamatsu larix leptolepis gord|1926	English	Forestry of "Sugi" (Cryptomeria japonica, con) and the "Kara
noss christopher|a text book of colloquial japanese based on the lehrbuch der japanischen umgangssprache by rudolf lange|1935	English	A text book of colloquial Japanese; based on the Lehrbuch de
oda yorozu|principes de droit administratif du japon|1928	French	Principes de droit administratif du Japon.
ogata kiyoshi|die genossenschaftsbewegung in japan|1925	German	Die Genossenschaftsbewegung in Japan.
ohm thomas|kulturen religionen und missionen in japan|1929	German	Kulturen, Religionen und Missionen in Japan.
okakura kakuzo|boken om te tr fanny v wilamowitz moellendorff|1921	Swedish	Boken om té. Tr. Fanny v. Wilamowitz-Moellendorff.
okakura kakuzo|die ideale des ostens|1922	German	Die Ideale des Ostens.
okakura kakuzo|osterlandets ideal oversatt av fanny v wilamowitz moellendorff|1925	Swedish	Österlandets ideal. Oversatt av Fanny V. Wilamowitz-Moellend
okakura kakuzo|the ho o den phoenix hall an illustrated description of the buildings erected by the japanese government at the world s columaian exposition jackson park chicago|1893	English	The Hō-ō-den (Phoenix hall). An illustrated description of t
okamoto kido|drames d amour tr par kuni matsuo et e steinilber oberlin|1929	French	Drames d'amour. Tr. par Kuni Matsuo et E. Steinilber-Oberlin
okamoto kido|epizodo en suzenji el la japana originalo tradukis sihej mijake|1931	Esperanto	Epizodo en Ŝuzenĵi. El la japana originalo tradukis Ŝihej Mi
okamoto kido|the mask maker a play in three acts adapted and prepared for stage production by zoe kincaid from the translation of hanso tarao|1928	English	The Mask-maker, a play in three acts, adapted and prepared f
ostwald paul|deutschland und japan|1920	German	Deutschland und Japan.
ota chiyoji|takachiho the cradle of nippon|1934	English	Takachiho; the cradle of Nippon.
otterloo a van|japan beschreven naar de nieuwste bronnen|1860	Dutch	Japan; beschreven naar de nieuwste bronnen.
paalzow hans|das kaiserreich japan|1908	German	Das Kaiserreich Japan.
paris exposition universelle 1900|l agriculture au japon|1900	French	L'agriculture au Japon.
paris john|kimono deutsch von eva grafin baudissin|1923	German	Kimono. Deutsch von Eva Gräfin Baudissin.
passarge siegfried|geographische volkerkunde band 5 asien|1938	German	Geographische Völkerkunde. Band 5, Asien.
patiss georg|martirer de gesellschaft iesu in japan|1868	German	Martirer de Gesellschaft Iesu in Japan.
paulhan leopold|kamakura et nikko|1886	French	Kamakura et Nikko.
penlington john newton|the mukden mandate acts and aims in manchuria photographic illus by courtesy of tokyo asahi shimbun|1932	English	The Mukden mandate; acts and aims in Manchuria. Photographic
pereira angelo jt author|os amores de wenceslau de morais por angelo pereira oldemiro cesar|1937	Portuguese	Os amores de Wenceslau de Morais, por Angelo Pereira & Oldem
perez p lorenzo jt author|san martin de la ascension aguirre recuerdo del tercer centenario de su beatificacion 1627 16 de septiembre 1927 r p lorenzo perez d bonifacio de echegaray|1928	Spanish	San Martin de la Ascension Aguirre Recuerdo del Tercer Cente
perkins lucy fitch|malen kie iapontsy perevod s angliiskogo l i zh karavaevykh|1915	Russian	Malen'kie iapontsy. Perevod s angliiskogo L. i Zh. Karavaevy
peroz|france et japon en indo chine|1906	French	France et Japon en Indo-Chine.
pfizmaier august|auf den bergen von sagami|1877	German	Auf den Bergen von Sagami.
pinto ferdinand mendez|the voyages and adventures of ferdinand mendez pinto a portugal sic translated by henry cogan|1897	English	The Voyages and Adventures of Ferdinand Mendez Pinto, a Port
pinto fernao mendez|the voyages and adventures of fernand mendez pinto a portugal during his travels for the space of one and twenty years in the kingdoms of ethiopia china tartaria cauchinchina calaminham siam pegu japan and a great part of the east indies tr by henry cogan|1891	English	The voyages and adventures of Fernand Mendez Pinto, a Portug
pinto fernao mendez|the voyages and adventures of fernand mendez pinto a portugal during his travels for the space of one and twenty years in the kingdoms of ethiopia china tartaria cauchinchina calaminham siam pegu japan and a great part of the east indies tr by henry cogan|1897	English	The voyages and adventures of Fernand Mendez Pinto, a Portug
polder leon van de|de cultuur der bamboe in japan|1894	Dutch	De cultuur der Bamboe in Japan.
politovsky eugene s|from libau to tsushima a narrative of the voyage of admiral rojdestvensky s fleet to eastern seas including a detailed account of the dogger band incident tr by major f r godfrey|1906	English	From Libau to Tsushima. A narrative of the voyage of Admiral
politovsky eugene s|from libau to tsushima a narrative of the voyage of admiral rojdestvensky s fleet to eastern seas including a detailed account of the dogger band incident tr by major f r godfrey|1908	English	From Libau to Tsushima. A narrative of the voyage of Admiral
popov a|iaponsko russkii i russko iaponskii slovar|1907	Russian	Iaponsko-russkii i russko-iaponskii slovar'.
pozdneev dimitrii m|ro yaku kan wa jiten iapono russkii ieroglificheskii slovar po kliuchevoi sisteme|1908		Ro-yaku Kan-Wa jiten: iapono-russkii ieroglificheskii slovar
praag r van tr|monzaemon tjikamats dramatische verhalen|1927	Dutch	Monzaëmon Tjikāmats, dramatische verhalen.
preuschen hermione von|yoshiwara vom freudenhaus des lebens roman in 3 teilen|1920	German	Yoshiwara. Vom Freudenhaus des Lebens. Roman in 3 Teilen.
provost edouard|seize jours au japon|1938	French	Seize jours au Japon.
pruskova novotna vlasta|ucebnice hovoroveho jazyke japonskeho|1939	Czech	Ucebnice hovorového jazyke Japonského.
radermacher j c m|bydraagen tot de beschryving van japan door mr j c m radermacher|n d	Dutch	Bydraagen tot de beschryving van Japan, door Mr. J. C. M. Ra
rathgen karl|die entstehung des modernen japan|1896	German	Die Entstehung des modernen Japan.
regamey felix|japon|1904		Japon.
regamey felix|le japon pratique|n d	French	Le Japon pratique.
reist werner|menschen und maschinen roman|1936	German	Menschen und Maschinen. Roman.
renondeau col|japon ceremonies de l avenement de l empereur hirohito|1928	French	Japon; cérémonies de l'avènement de l'empereur Hirohito
revon michel|de arte florali apud japonenses thesim facultati litteratrum parisiensi|1896	Latin	De arte florali apud japonenses. Thesim facultati litteratru
reynoso d francisco de|en la corte del mikado bocetos japanese|1904	Spanish	En la corte del Mikado. Bocetos Japanese.
richard paul|au japon|1917	French	Au Japon.
riess ludwig|allerlei aus japan|n d	German	Allerlei aus Japan.
robertson john drummond|the evolution of clockwork with a special section on the clocks of japan fully illust from the author s collection together with a comprehensive bibliography of horology covering over six hundred authors|1931	English	The evolution of clockwork. With a special section on the cl
roos herman jr|japan in den grooten oceaan|1929	Dutch	Japan in den grooten oceaan.
rutgers h c|door amerika japan en korea naar china|1922	Dutch	Door Amerika, Japan en Korea naar China.
sales y ferre manuel|la transformacion del japon|1912	Spanish	La transformación del Japón.
samokish nikolai semenovich|1904 1905 voina is dnevnika khdozhnika|19	Russian	1904-1905 voina, is dnevnika khdozhnika.
saris john 1579 1646|the first voyage of the english to the islands of japan|1940	English	The first voyage of the English to the Islands of Japan
saris john|the first voyage of the english to japan transcribed and collated by takanobu otsuka with a facsimile reproduction|1941	English	The first voyage of the English to Japan. Transcribed and co
saris john|the voyage of captain john saris to japan 1613 ed from contemporary records by sir ernest m satow|1900	English	The voyage of Captain John Saris to Japan, 1613. Ed. from co
sasaki kichisaburo|djudo a japan dzsiu dzsicu tokeletesitett modszere|1907	Hungarian	Djudo. A Japán Dzsiu-dzsicu tökéletesitett modszere.
sawyer edith a|the abiding of ume ume no kakurega|1932	English	The abiding of Umé (Umé no kakurega).
sawyer edith a|the way of ume ume no michi with introduction by william elliot griffis|1928	English	The way of Umé (Umé no michi). With introduction by William 
scheidl leopold g|der boden japan|1937	German	Der Boden Japan
schiller emil|morgenrote in japan|1926	German	Morgenröte in Japan.
schilling dorotheus|der erste tabak in japan|1942	German	Der erste Tabak in Japan
schils g h|elementa linguae yaponicae classicae|1884	Latin	Elementa Linguae Yaponicae Classicae.
schmidt jonkvrouwe a von|van het land van de rijzende zon|1903	Dutch	Van het land van de rijzende zon.
schmidt kestner hans|der fliegende|1911	German	Der Fliegende.
schoeters k|japan i de kerk der martelaren|1929	Dutch	Japan. I. De Kerk der Martelaren.
scholz oscar jt author|japan von o scholz und k vogt|1928	German	Japan. Von O. Scholz und K. Vogt.
schurhammer georg|der hl franz xavier in japan 1549 1551|1947	German	Der hl. Franz Xavier in Japan (1549-1551).
seemen o von|salices japonicae|1903	German	Salices Japonicae,
semenov vladimir ivanovich|rasplata the reckoning his diary during the blockade of port arthur and the voyage of admiral rojestvensky s fleet tr by l a b|1909	English	Rasplata (the reckoning); his diary during the blockade of P
semenov vladimir ivanovich|tsushima slaget til minde om suvarow oversat af s s rensen|1908	Danish	"Tsushima-Slaget" til Minde om "Suvarow". Oversat af S. Søre
shiga naoya|un vieillard tr by moise haguenauer|1924	French	Un vieillard, tr. by Moïse Haguenauer
shigemori sanrei|nihon teienshi zukan|1936 39		Nihon teienshi zukan
shimada masazo and mohr f w trs|der bambussamler|1935	German	Der Bambussamler
shin ya g yoshio|imperio del sol naciente nippon teikoku|1934	Spanish	Imperio del sol naciente (Nippon Teikoku).
shin ya g yoshio|la verdad sobre la cuestion manchuriana|1933	Spanish	La verdad sobre la cuestion manchuriana.
shternberg lev iakovlevich|giliaki orochi gol dy negigal tsy ainy stat i i materialy pod redaktsiei i s predisloviem ia p al kor koshkina|1933	Russian	Giliaki, Orochi, Gol'dy, Negigal'tsy, Ainy; stat'i i materia
siebold baron alexandre de|ph fr von siebold s letzte reise nach japan 1859 1862|1903	German	Ph. Fr. von Siebold's letzte Reise nach Japan, 1859-1862.
siebold philipp franz jonkheer b van|anbau und bereitung des thees auf japan handschriften von siebold und hoffmann|1941	German	Anbau und Bereitung des Thees auf Japan; Handschriften von S
siebold philipp franz jonkheer b van|catalogus librorum et manuscriptorum japonicorum a ph fr de siebold collectorum annexa enumeratione illorum qui in museo ragio hagano servantur libros descripsit j hoffmann|1937	Latin	Catalogus librorum et manuscriptorum japonicorum a Ph. Fr. d
siebold philipp franz jonkheer b van|fauna japonica|1833 50	French	Fauna japonica.
sieroszewski waclaw|l amour du samourai roman tr du polonais par morzkowska|n d	French	L'amour du Samourai. Roman. Tr. du polonais par Morzkowska.
smirnitskii s|russko iaponskaia i iaponsko russkaia azbuka i schislenie|1920	Russian	Russko-iaponskaia i iaponsko-russkaia azbuka i schislenie.
society of friends of eastern art|art guide to nippon v 1 nara mie wakayama prefectures|1943	English	Art guide to Nippon. v.1, Nara, Mie, Wakayama prefectures.
sorge wolfgang|krieg entbrennt am pazifik|1934	German	Krieg entbrennt am Pazifik.
spielmans victor|russland und japan in fernen osten|1935	German	Russland und Japan in Fernen Osten.
sporry hans|das stempelwesen in japan|1901	German	Das Stempelwesen in Japan.
st john captain h c|notes and sketches from the wild coasts of nippon with chapters on cruising after pirates in chinese waters|1880	English	Notes and sketches from the wild coasts of Nippon with chapt
stead alfred ed|japan skildradt af japaner markis ito faltmarskalken markis yamagata ministrarne grefve matsukata grefve okuma grefve inouye och baron kentaro kaneko amiral saito professorerna sawayanagi inazo nitobe nobushige hozumi och nagao ariga herr katayama baron shibusawa baron suyematsu|1904	Swedish	Japan, Skildradt af Japaner: Markis Ito, Fältmarskalken Mark
stead alfred ed|unser vaterland japan ein quellenbuch geschrieben von japanern|1904	German	Unser Vaterland Japan. Ein Quellenbuch geschrieben von Japan
straelen van h j m|modern japan het land der felle contrasten|1940	Dutch	Modern Japan. Het land der felle contrasten.
sugawara no takasue no musume|sarashina nikki diaries of court ladies of old japan tr by annie shepley omori and kochi doi with an introductions by amy lowell|1920	English	Sarashina nikki; diaries of court ladies of old Japan. Tr. b
sugawara no takasue no musume|sarashina nikki diaries of court ladies of old japan tr by annie shepley omori and kochi doi with an introductions by amy lowell|1935	English	Sarashina nikki; diaries of court ladies of old Japan. Tr. b
sugimoto etsu|samurain tytar englanninkielesta suomentanut katri vuorisalo|1937	Finnish	Samurain Tytär. Englanninkielestä suomentanut Katri Vuorisal
suzuki beatrice lane|nogaku japanese no plays|1932	English	Nôgaku, Japanese Nô plays.
svensk japanska sallskapet|utstallning av japansk konst|1931	Swedish	Utställning av Japansk Konst.
takatsukasa nobusuke|studies on the galli of nippon|1944	English	Studies on the galli of Nippon.
takemiya felix hayato|geestesstroomingen in het hedendaagsche japan|1931 32	Dutch	Geestesstroomingen in het hedendaagsche Japan.
tamminen k v|valtamerten takana lahetysasioilla ii japanissa|1926	Finnish	Valtamerten takana, lähetysasioilla, II. Japanissa.
tanaka chigaku|what is nippon kokutai introduction to nipponese national principles no 1 12|1935 36	English	What is Nippon kokutai? Introduction to Nipponese national p
tanaka chigaku|what is nippon kokutai introduction to nipponese national principles|1937	English	What is Nippon kokutai? Introduction to Nipponese national p
tanaka nobujiro|mycographia nipponica illustrations of edible poisonous and parasitic fungi of nippon|1890	English	Mycographia Nipponica; illustrations of edible, poisonous, a
tanizaki jun ichiro|tatowierkunst oder irezumi ubers von k koike|n d	German	Tätowierkunst, oder, Irezumi. Übers. von K. Koike.
tanizaki seiji|geisha eiko roman perevod s iaponskogo a a leiferta|1929	Russian	Geisha Eiko. Roman. Perevod s iaponskogo A. A. Leiferta.
tazawa yutaka and ooka minoru|zusetsu nihon bijutsu shi|1937		Zusetsu Nihon bijutsu shi
tegner f m|the nippon race club or yokohama race club 1862 1912|1912	English	The Nippon race club, or, Yokohama race club, 1862-1912.
telley henry arthur|japan the amoor and the pacific with notices of other places comprised in a voyage of circumnavigation in the imperial russian corvette rynda in 1858 1860|1881	English	Japan; the Amoor and the Pacific. With notices of other plac
tenri toshokan|relaction del illvstre y glorioso martyrio de quatro embaxadores portugueses conlicencia del ordinario desta civdad de manila en la compania de iesvs por raymundo magisa ano de 1641|1932	Portuguese	Relaction del illvstre, y glorioso Martyrio de quatro embaxa
terashima masashi|creative nippon an epic of japan s scientific achievements tr by nippon times|1943	English	Creative Nippon; an epic of Japan's scientific achievements.
tetsudosho|guidlibreto por japanlando trad de la redakcio de japana esperantoinstituto|1927	Esperanto	Guidlibreto por Japanlando. Trad. de la redakcio de Japana E
tetsudosho|images du japon education|1942	French	Images du Japon: education.
tetsudosho|livret guide du japon|1931	French	Livret-Guide du Japon.
thielen h s|das unterhimmlische reich|1935	German	Das unterhimmlische Reich.
tokutomi roka|nami ko romance japones traduzido por couto nogueira|1906	Portuguese	Nami-ko. Romance japones. Traduzido por Couto Nogueira.
tornau udo|menschen und weltreiche bevolkerungspolitische ringen am stillen ozean|1937	German	Menschen und Weltreiche. Bevolkerungspolitische Ringen am St
toussaint franz tr|les pins chantent quatre no|1925	French	Les pins chantent. Quatre No.
toyama usaburo|the western style colour prints in japan a catalogue on retrospective works of the exhibition in foreign country organized by nippon hanga kyokai|1936	English	The western-style colour-prints in Japan; a catalogue on ret
trautz f m|japan korea und formosa landschaft baukunst volksleben|1930	German	Japan, Korea und Formosa: Landschaft, Baukunst, Volksleben
tronson j m|personal narrative of a voyage to japan kamtachatka siberia tartary and various parts of coast of china in h m s barracouta|1859	English	Personal narrative of a voyage to Japan, Kamtachatka, Siberi
tsuchii bansui|su le orme dell ippogrifo temba no michi ni traduzione di h shimoi ed e jenco con una prefazione di harukichi shimoi|1920	Italian	Su le orme dell'ippogrifo (Temba no Michi ni). Traduzione di
turk japon cemiyeti|japonca turkce turkce japonca lugat|1936	Turkish	Japonca-Türkce, Türkce-Japonca Lûgat.
turkiye cumhuriyeti|turk nippon dostlugunun sonrasiz hatirasi ertugrul|1937	Turkish	Turk-Nippon. Dostlugunun sonrasiz hatirasi, Ertugrul.
u s strategic bombing survey|japan international air industries ltd nippon kokusai koku kogyo kk|1947	English	Japan International Air Industries, Ltd. (Nippon Kokusai Kok
u s strategic bombing survey|japan musical instrument manufacturing company nippon gakki seizo kk|1946	English	Japan Musical Instrument Manufacturing Company (Nippon Gakki
uberschaar hans|basho 1644 1694 und sein tagebuch oku no hosomichi|1935	German	Basho (1644-1694) und sein Tagebuch Oku no Hosomichi.
uberschaar hans|basho 1644 1694 und sein tagebuch oku no hosomichi|1935	German	Bashō (1644-1694) und sein Tagebuch "Oku no Hosomichi"
ueki takehiko|the gikio den a japanese romance|1887	English	The Gikio den. A Japanese romance.
ulrich leo|japan der wirtschaftskrieg|1917	German	Japan. Der Wirtschaftskrieg.
underwood edna worthley ed|moons of nippon translations from poets of old japan|1919	English	Moons of Nippon. Translations from poets of old Japan.
united states tax mission to japan|second report on japanese taxation by the shoup mission by carl s shoup et al|1950	English	Second Report on Japanese Taxation by the Shoup Mission, by 
uno tetsuto|die ethik des konfuzianismus|1927	German	Die Ethik des Konfuzianismus.
urach albrecht|ostasien kampf um das kommende grossreich|1940	German	Ostasien. Kampf um das Kommende grossreich.
ushikubo daijiro jt author|popular proverbs of nippon by d j r ushikubo and aisaburo akiyama|1928	English	Popular proverbs of Nippon, by D.J.R. Ushikubo and Aisaburo 
varga antal csige|japan es a japanok|1914	Hungarian	Japán és a japánok.
villaret e de|dai nippon le japon|1889	French	Dai Nippon (Le Japon).
villers comte h c de|le japon victorieux|1897	French	Le Japon victorieux.
villion a|cinquante ans d apostlat au japon|1923	French	Cinquante ans d'apostlat au Japon.
vincent l|le japon climat faune flore richesses minerales etc|1890	French	Le Japon; climat, faune, flore, richesses minerales, etc.
viollis andree|le japon intime|1934	French	Le Japon intime.
vories william merrell|the omi brotherhood in nippon a brief history of the omi mission founded in omi hachiman japan in 1905|1934	English	The Omi Brotherhood in Nippon; a brief history of "The Omi M
wakatsuki fukujiro|le japon traditionnel|1926	French	Le Japon traditionnel.
wakatsuki fukujiro|tradiciones japonesas la traduccion del frances ha sido hecha por m perales|1929	Spanish	Tradiciones japonesas. La traducción del frances ha sido hec
watanna onoto pseud|iaponskii solobei roman perevod s iaponskago n uri|n d	Russian	Iaponskii solobei. Roman. Perevod s iaponskago N. Uri.
wenckstern friedrich von|bibliography of the japanese empire volume 2 comprising the literature from 1894 to the middle of 1906 with additions and corrections to the first volume and a supplement to leon pages bibliographie japonaise added is a list of the swedish literature on japan by valfrid palmgren|1907	English	Bibliography of the Japanese Empire, Volume 2. Comprising th
wiedenhoff siegfried|der tagliche gang der bevolkerung in japan|1914	German	Der tägliche Gang der Bevölkerung in Japan
wikander i|uppsala kristliga studentforbunds missionsskriftserie i|1910	Swedish	Uppsala Kristliga Studentförbunds Missionsskriftserie I.
wilamowitz moellendorff graf von|besteht eine gelbe gefahr|1905	German	Besteht eine gelbe Gefahr?
winiwarter h de|kiyonaga et choki illustrateurs de livres|1924	French	Kiyonaga et Chōki, illustrateurs de livres
winkler heinrich|japaner und altaier|1894	German	Japaner und Altaier.
winther j m t|kagawa de forkuedes ven et rids af hans liv virke og tanker|1925	Danish	Kagawa de forkuedes ven. Et rids af hans liv virke og tanker
yamada kiku|japon derniere heure|1930	French	Japon, dernière heure.
yamanaka co|nihon koto meihinshu|1933		Nihon kotō meihinshū
yardley herbert o|red sun of nippon|1934	English	Red sun of Nippon.
yashiro yukio|the albums of koetsu s shikishi in the ostasiatische sammlung in berlin|1939	English	The albums of Koetsu's shikishi in the Ostasiatische Sammlun
yefime|japon|195	French	Japon.
yokomitsu riichi|young forever and five other novelettes by contemporary japanese authors riichi yokomitsu kyuya fukada mitsujiro serizawa tomoji abe den wada and chiyo uno tr by the japan writers society|1941	English	Young forever, and five other novelettes by contemporary Jap
yonekawa urbain marie|croquis du japon|1934	French	Croquis du Japon.
yonezawa ryusuke|turkce japonca muhavere kitabi ryusuke yonezava zeki bayat|1938	Turkish	Türkçe-Japonca muhavere kitabi, Ryusuke Yonezava & Zeki Baya
zachert herbert tr|aoi no ue no drama in zwei akten von komparu ujinobu|1939	German	Aoi no Ue. Nō Drama in zwei Akten von Komparu Ujinobu
zachert herbert|semmyo die kaiserlichen erlasse des shokunihongi|1950	German	Semmyo; die kaiserlichen Erlasse des Shokunihongi.
zenker ernst viktor|soziale moral in china und japan|1914	German	Soziale Moral in China und Japan.
zeyer julius|gompaci a komurasaki zaponsky roman treti nezmenene vydani|1906	Czech	Gompači a Komurasaki. Žaponský román. Treti Nezmenené Vydáni
|archiv fur ostasien|1949	German	Archiv für Ostasien
|art guide of nippon vol 1 nara mie and wakayama prefectures|1943	English	Art Guide of Nippon, Vol. 1, Nara, Mie and Wakayama Prefectu
|bulletin de l ecole francaise d extreme orient befeo|1901	French	Bulletin de l'Ecole Française d'Extrême-Orient (BEFEO)
|cultural nippon|1933 july 1941	English	Cultural Nippon
|handbook for travellers in japan|n d	English	Handbook for Travellers in Japan
|iaponskaia skazka no 16 udivitel nyi chainyi kotelok perevod otohei suzuki|1898	Russian	Iaponskaia skazka. No.16, Udivitel'nyi chainyi kotelok. Pere
|japan handbuch nachschlagewerk der japankunde ed by m ramming|1940	English	Japan Handbuch, Nachschlagewerk der Japankunde, ed. by M. Ra
|japan kozgazdasaga ismerteti a budapesti japan csaszari konzulatus|1910	Hungarian	Japán Közgazdasága ismerteti a Budapesti. Japán császári kon
|lexicon latino iaponicum depromptum ex opere cui titulus dictionarium latino lusitanicum ac iaponicum typis primum mandatum in amacusa in collegio iaponico societatis iesu anno domini m d xcv nunc denuo emend atque auctum a vicario apostolico iaponiae ed b petitjean|1870	Latin	Lexicon Latino-Iaponicum depromptum ex opere cui titulus: Di
|lexicon latino iaponicum depromptum ex opere cui titulus dictionarium latino lusitanicum ac iaponicum typis primum mandatum in amacusa in collegio iaponico societatis iesu anno domini m d xcv nunc denuo emend atque auctum a vicario apostolico iaponiae ed b petitjean|1948	Latin	Lexicon Latino-Iaponicum depromptum ex opere cui titulus: Di
|leyendas y narraciones japonesas tr por gonzalo j de la espada|1914	Spanish	Leyendas y narraciones japonesas. Tr. por Gonzalo J. de la E
|minutes of the fourth session of the japan mission annual conference of the methodist protestant church august 29 september 3 1895|august 29 september 3 1895	English	Minutes of the Fourth Session of the Japan Mission Annual Co
|mitteilungen des seminars fur orientalische sprachen zu berlin msos i ostasiatische studien|1898	German	Mitteilungen des Seminars für Orientalische Sprachen zu Berl
|nippon|1935 44	English	Nippon
|ooka seidan the case of ten ichi bo a cause celebre in japanese history tr by w j s shand from ooka meiyo seidan|1908	English	Ooka seidan: the case of Ten-ichi bo; a cause célèbre in Jap
|report of government section recorientation of japan|1950	English	Report Of Government Section Recorientation Of Japan
|revue des arts asiatiques raa|1924 39	French	Revue des Arts Asiatiques (RAA)
|russko iaponskaia voina i ee geroi illiustrirovannaia khronika voiny 1904 g vyp 3|n d	Russian	Russko-Iaponskaia voina i ee geroi; illiustrirovannaia khron
|statistiques demographiques|1931	French	Statistiques démographiques
|t oung pao tp archives concernant l histoire les langues la geographie et l ethnographie de l asie orientale|1890	French	T'oung Pao—通報 (TP) Archives concernant l'histoire, les langu
|who s who in nippon with manchukuo and china 1943 44|1944	English	Who's who in Nippon, with Manchukuo and China, 1943-44.
flood johs johannes|japan|1886	Norwegian	Japan
loti pierre|japan ved efteraarstid|1890	Danish	Japan ved Efteraarstid
rasmussen vilhelm|japan i fortid og fremtid|1919	Norwegian	Japan : i Fortid og Fremtid
|nyeste sang om krigen mellem japan og rusland og port arthurs fald|1905	Norwegian	Nyeste Sang om Krigen mellem Japan og Rusland og Port Arthur
futabatei shimei|en adoptert egtemand roman fra japan|1921	Norwegian	En adoptert egtemand : roman fra Japan
bass e dorthea|erindringer fra 4 aars ophold i japan|1896	Norwegian	Erindringer fra 4 Aars ophold i Japan
coucheron aamot w william|fra den kinesiske mur til japans hellige bjerg skildringer fra kina og japan samt hjemreisen til norge|1893	Norwegian	Fra den kinesiske Mur til Japans hellige Bjerg : Skildringer
starbuck roger|overbord eller det dobbelte krydstog en fort lling fra kysten af japan|1875	Norwegian	Overbord, eller Det dobbelte krydstog : en fortælling fra ky
|en grinagtig vise om krigen mellem japan og rusland og om hvorledes de raske smaa japanesere tage livtag med den russiske bj rn og hr adam og fr ken eva|n d	Danish	En grinagtig Vise om Krigen mellem Japan og Rusland : og om 
soderblom anna 1870 1955|neesima en lifsbild fran det moderna japan efter life and letters of joseph hardy neesima by arthur sherburne hardy|1893	Swedish	Neesima : en lifsbild från det moderna Japan efter Life and 
|japonia|ante 1896	Polish	Japonia
k osnik zygmunt|japonia|1904	Polish	Japonia
|japonia kraj wschodzacego s onca|n d	Polish	Japonia - kraj wschodzącego słońca
|der krieg zwischen china und japan 1894 95 1 theil das jahr 1894|1895	German	Der Krieg zwischen China und Japan 1894/95. 1 Theil, Das Jah
|der krieg zwischen china und japan 1894 95 2 theil die kampfe in den provinzen ljao tong und schantung bis zum waffenstillstand marz 1895|1895	German	Der Krieg zwischen China und Japan 1894/95. 2 Theil, Die Käm
|czerwony slub i inne opowiadania|1925	Polish	Czerwony ślub i inne opowiadania
|podroz do japonii spo eczenstwo japonskie cz 1|1903	Polish	Podróż do Japonii : społeczeństwo japońskie. Cz. 1
|podroz do japonii spo eczenstwo japonskie cz 2|1903	Polish	Podróż do Japonii : społeczeństwo japońskie. Cz. 2
|o japonii uwagi b go ownina do ktorych jest przydany s owniczek japonski uk adu k p thunberga|1823	Polish	O Japonii uwagi B. Gołownina, do których jest przydany Słown
rogala kosinski kazimierz|kwestja robotnicza w japonji|1926	Polish	Kwestja robotnicza w Japonji
|on some japanese legends|1875	English	On some Japanese legends
coucheron aamot w|fra den kinesiske mur til japans hellige bjerg skildringer fra kina og japan samt hjemreisen til norge|1893	Norwegian	Fra den Kinesiske mur: Til Japans hellige bjerg, skildringer
